,Name,Importances
781,e1_Column/e2_Row,0.026829963421093034
780,(e1_Column-e2_Row)/e1_Column,0.02648042722308035
779,(e1_Column-e2_Row)/e2_Row,0.023477355044400905
778,(e1_Column+e2_Row)/e2_Row,0.02295723191835941
777,(e1_Column+e2_Row)/e1_Column,0.019872413091015024
776,(e2_NpValence-e2_NUnfilled)/e2_NUnfilled,0.01980734714334867
775,(e2_NpValence+e2_NUnfilled)/e2_NpValence,0.016041062509810924
774,e2_NpValence/e2_NUnfilled,0.015952109232360547
773,(e1_NsValence+e2_NpValence)/e2_NpValence,0.014086847522373686
772,(e2_NpValence-e2_NUnfilled)/e2_NpValence,0.01375980002157631
771,(e2_NpValence+e2_NUnfilled)/e2_NUnfilled,0.013710115111731008
770,(e2_NpValence-e2_NfValence)/e2_NfValence,0.010989785338228978
769,(e2_NpValence-e2_NfValence)/e2_NpValence,0.01022130989352046
768,e2_NpValence/e2_NfValence,0.010054635085969963
767,e1_NsValence/e2_NpValence,0.009982469572871754
766,(e1_NpUnfilled-e2_NdUnfilled)/e1_NpUnfilled,0.00964857781642323
765,(e1_NsValence+e2_NpValence)/e1_NsValence,0.009536541652960145
764,(e2_NpValence+e2_NfValence)/e2_NfValence,0.009096463910597295
763,(e2_NpValence+e2_NfValence)/e2_NpValence,0.008398916698872712
762,(e1_NpUnfilled-e2_NdUnfilled)/e2_NdUnfilled,0.008313429001906392
761,(e2_NpValence-e2_NdUnfilled)/e2_NpValence,0.008283366966187432
760,(e1_NsValence-e2_NpValence)/e2_NpValence,0.008088800676933175
759,(e1_NpUnfilled+e2_NdUnfilled)/e2_NdUnfilled,0.007980821615373588
758,(e1_NsValence-e2_NpValence)/e1_NsValence,0.007875023554576772
757,e1_Column/e1_Row,0.007795238831433531
756,(e2_NsValence-e2_NpValence)/e2_NpValence,0.007418892350092206
755,(e1_Column-e1_Row)/e1_Row,0.007387787872878288
754,(e1_NpUnfilled+e2_NdUnfilled)/e1_NpUnfilled,0.007210185938057448
753,e1_Row/e2_Column,0.0071472077935545025
752,(e1_Row+e2_Column)/e2_Column,0.007045656973288704
751,(e1_CovalentRadius+e2_CovalentRadius)/e2_CovalentRadius,0.00697173817355919
750,(e1_Column+e1_Row)/e1_Row,0.0068301053837303855
749,(e2_NpValence+e2_NfUnfilled)/e2_NfUnfilled,0.006780242676077355
748,(e1_Column-e1_Row)/e1_Column,0.006060260247657849
747,(e2_NpValence-e2_NsUnfilled)/e2_NpValence,0.005845793147818562
746,(e1_CovalentRadius-e2_CovalentRadius)/e1_CovalentRadius,0.0058452935271074685
745,(e1_Electronegativity-e2_Electronegativity)/e2_Electronegativity,0.005831429314313734
744,(e1_CovalentRadius-e2_CovalentRadius)/e2_CovalentRadius,0.005798556237299791
743,(e1_CovalentRadius+e2_CovalentRadius)/e1_CovalentRadius,0.00578543119246635
742,(e1_Electronegativity+e2_Electronegativity)/e2_Electronegativity,0.005762476478064174
741,(e1_Row+e2_Column)/e1_Row,0.005733801219453351
740,(e2_NpValence+e2_NfUnfilled)/e2_NpValence,0.005663338985101503
739,(e2_NpValence-e2_NfUnfilled)/e2_NpValence,0.0054123186222230085
738,(e1_Row-e2_Column)/e2_Column,0.00535127329690949
737,(e1_Row-e2_Column)/e1_Row,0.005338481190496142
736,e1_NpUnfilled/e2_NdUnfilled,0.005314115059612617
735,(e1_Column+e1_Row)/e1_Column,0.005225183956514061
734,(e1_Electronegativity+e2_Electronegativity)/e1_Electronegativity,0.005017006723854901
733,e1_CovalentRadius/e2_CovalentRadius,0.004984829598403147
732,e2_NpValence/e2_NsUnfilled,0.004954431059518825
731,e1_Electronegativity/e2_Electronegativity,0.00479955651115733
730,(e2_NpValence+e2_NdUnfilled)/e2_NpValence,0.004779881691823906
729,(e2_NpValence+e2_NsUnfilled)/e2_NsUnfilled,0.004700134030144861
728,(e1_MendeleevNumber-e2_MendeleevNumber)/e2_MendeleevNumber,0.004660799421653148
727,(e1_MendeleevNumber+e2_MendeleevNumber)/e2_MendeleevNumber,0.0045522193026646725
726,(e2_NsValence+e2_NpValence)/e2_NpValence,0.004499265690638068
725,(e1_NsUnfilled+e2_NpValence)/e2_NpValence,0.004441459434316979
724,(e1_NdValence+e2_NdUnfilled)/e1_NdValence,0.004349544620176644
723,e1_NsUnfilled/e2_NpValence,0.004184586502744107
722,e2_NpValence/e2_NdUnfilled,0.004073406574020666
721,(e1_Electronegativity-e2_Electronegativity)/e1_Electronegativity,0.004065320717411474
720,(e2_NpValence-e2_NfUnfilled)/e2_NfUnfilled,0.004042538625380268
719,e2_NpValence/e2_NfUnfilled,0.004019865330276937
718,(e1_MendeleevNumber+e2_MendeleevNumber)/e1_MendeleevNumber,0.003919377043100067
717,(e2_NsValence-e2_NpValence)/e2_NsValence,0.0038825117054318023
716,e2_NsValence/e2_NpValence,0.0038275248184645
715,e1_MendeleevNumber/e2_MendeleevNumber,0.003808978715361957
714,(e2_NpValence+e2_NdUnfilled)/e2_NdUnfilled,0.0037636955453012482
713,(e1_NpValence+e2_NdUnfilled)/e1_NpValence,0.0037422465908078448
712,(e1_Column-e2_Column)/e2_Column,0.0036235759608300123
711,(e1_NsUnfilled-e2_NpValence)/e1_NsUnfilled,0.0035220431809052594
710,(e1_MeltingT-e2_MeltingT)/e2_MeltingT,0.003477810784373269
709,(e1_MendeleevNumber-e2_MendeleevNumber)/e1_MendeleevNumber,0.0034104920693847976
708,(e2_NpValence-e2_NdUnfilled)/e2_NdUnfilled,0.0034029466242541926
707,(e1_NsUnfilled-e2_NpValence)/e2_NpValence,0.003361164914712768
706,(e2_NpValence+e2_NsUnfilled)/e2_NpValence,0.0033422630101137838
705,(e1_MeltingT+e2_MeltingT)/e2_MeltingT,0.0033019791737927177
704,(e2_NpValence-e2_NsUnfilled)/e2_NsUnfilled,0.0032708271555656316
703,(e1_Column+e2_Column)/e1_Column,0.003232460591928734
702,(e1_MeltingT+e2_MeltingT)/e1_MeltingT,0.0032130055817205247
701,(e1_NsUnfilled+e2_NpValence)/e1_NsUnfilled,0.003185314482008722
700,e1_NdValence/e2_NdUnfilled,0.003059027910390721
699,(e1_Column-e2_Column)/e1_Column,0.003041993858115073
698,e1_MeltingT/e2_MeltingT,0.003017313776880566
697,e1_NpValence/e2_NdUnfilled,0.003007066778095188
696,(e2_NsValence+e2_NpValence)/e2_NsValence,0.0028552527167856586
695,(e1_Column+e2_Column)/e2_Column,0.002818696343831258
694,(e1_NdValence+e2_NdUnfilled)/e2_NdUnfilled,0.002805465402553263
693,(e1_NpUnfilled-e2_NUnfilled)/e2_NUnfilled,0.0027418456280054893
692,(e1_MeltingT-e2_MeltingT)/e1_MeltingT,0.002741381575674991
691,(e1_NpValence-e2_NdUnfilled)/e1_NpValence,0.0027164674309563177
690,(e1_NdValence-e2_NdUnfilled)/e1_NdValence,0.002710523242630212
689,e1_Column/e2_Column,0.0026995685464437933
688,(e2_NValence+e2_NdUnfilled)/e2_NdUnfilled,0.002672952349956625
687,e2_NValence/e2_NdUnfilled,0.0025058099875449554
686,(e1_NsUnfilled-e2_NdValence)/e2_NdValence,0.002067583157685502
685,(e1_GSvolume_pa+e2_GSvolume_pa)/e1_GSvolume_pa,0.0020307647269944633
684,(e1_NdValence-e2_NdUnfilled)/e2_NdUnfilled,0.0020126264841909916
683,(e2_NsValence+e2_NdUnfilled)/e2_NdUnfilled,0.0019719208727631055
682,(e1_GSvolume_pa-e2_GSvolume_pa)/e1_GSvolume_pa,0.001923255599379779
681,e1_NpUnfilled/e2_NUnfilled,0.0019211034269927952
680,(e2_NValence+e2_NpUnfilled)/e2_NValence,0.0019192950003468954
679,(e1_NdValence-e2_NUnfilled)/e2_NUnfilled,0.0019054101480850117
678,avg_ionic_char,0.0018907607226661296
677,e1_GSvolume_pa/e2_GSvolume_pa,0.0018606343206119115
676,(e1_NpValence+e2_NdUnfilled)/e2_NdUnfilled,0.0018232728612350205
675,(e1_NpValence-e2_NdValence)/e1_NpValence,0.0018054318740650627
674,(e1_NpValence-e2_NdUnfilled)/e2_NdUnfilled,0.0017884631044767147
673,(e1_GSvolume_pa+e2_GSvolume_pa)/e2_GSvolume_pa,0.0017788463863743467
672,(e2_NdValence-e2_NpUnfilled)/e2_NpUnfilled,0.0017726975683202205
671,e1_NsUnfilled/e2_NdValence,0.0017722414298618546
670,(e2_NValence+e2_NdUnfilled)/e2_NValence,0.0017701946541575104
669,(e2_Column+e2_Row)/e2_Column,0.0017667696920538728
668,e2_Column/e2_Row,0.0017528604027014709
667,(e2_Column+e2_Row)/e2_Row,0.0017305182807990272
666,(e1_NdValence+e2_NUnfilled)/e1_NdValence,0.0017078790040574124
665,(e1_NsValence-e1_NpUnfilled)/e1_NsValence,0.0017059909186591215
664,(e1_NpUnfilled-e2_NpValence)/e2_NpValence,0.0016948768497077268
663,(e1_NpUnfilled+e2_NdValence)/e1_NpUnfilled,0.0016794518978647764
662,(e1_NsUnfilled+e2_NdValence)/e1_NsUnfilled,0.0016762753046759432
661,e1_NsValence/e2_NValence,0.0016553963733464596
660,e1_NsUnfilled/e2_NdUnfilled,0.001650495666596708
659,(e1_NdValence+e2_NValence)/e1_NdValence,0.0015920286667239982
658,(e2_NdValence+e2_NUnfilled)/e2_NdValence,0.0015860969192393697
657,(e1_NpValence+e2_NdValence)/e1_NpValence,0.0015797253517412905
656,(e2_NValence-e2_NdUnfilled)/e2_NValence,0.0015712424402199014
655,(e2_NValence-e2_NdUnfilled)/e2_NdUnfilled,0.0015403973417172174
654,(e2_Column-e2_Row)/e2_Column,0.0015063238513202246
653,(e1_GSvolume_pa-e2_GSvolume_pa)/e2_GSvolume_pa,0.0015000439771270249
652,max_ionic_char,0.0014956027038178555
651,(e1_NpValence-e2_NUnfilled)/e1_NpValence,0.001486899333778886
650,e1_NpUnfilled/e2_NdValence,0.0014725303273535148
649,(e2_NValence-e2_NUnfilled)/e2_NValence,0.0014710404642305755
648,(e2_Column-e2_Row)/e2_Row,0.001465223313292888
647,e1_NpValence/e2_NUnfilled,0.0014342523410129343
646,(e1_NsUnfilled+e2_NdValence)/e2_NdValence,0.001408627002459023
645,(e1_NpUnfilled+e2_NUnfilled)/e2_NUnfilled,0.0013916299620217935
644,e1_NdValence/e2_NValence,0.001351025312362231
643,(e1_NpValence-e2_NUnfilled)/e2_NUnfilled,0.0013243328710450003
642,e1_NUnfilled/e2_NUnfilled,0.0013111242328004559
641,(e2_NpUnfilled+e2_NdUnfilled)/e2_NpUnfilled,0.0013074342472691107
640,(e1_NpValence-e2_NdValence)/e2_NdValence,0.001299129092289033
639,(e1_NUnfilled+e2_NUnfilled)/e2_NUnfilled,0.001293397118802913
638,(e2_NdValence+e2_NpUnfilled)/e2_NdValence,0.0012929050721972998
637,e2_NdValence/e2_NpUnfilled,0.001292694256983686
636,(e1_AtomicWeight-e2_AtomicWeight)/e2_AtomicWeight,0.0012900581680063536
635,(e2_NsValence-e2_NdUnfilled)/e2_NsValence,0.0012893800497043675
634,(e2_NfValence+e2_NValence)/e2_NfValence,0.001279344336226137
633,(e1_NsUnfilled-e2_NdValence)/e1_NsUnfilled,0.0012773296464589142
632,(e2_NfValence-e2_NValence)/e2_NfValence,0.001272831192339331
631,(e2_NfValence-e2_NValence)/e2_NValence,0.0012596473401747074
630,e1_NpValence/e2_NdValence,0.0012388046766120008
629,(e1_AtomicWeight-e2_AtomicWeight)/e1_AtomicWeight,0.0012371000519703313
628,(e2_NdValence-e2_NfUnfilled)/e2_NdValence,0.0012279383203963735
627,(e1_NpUnfilled+e2_NUnfilled)/e1_NpUnfilled,0.0012161131397525726
626,(e1_AtomicWeight+e2_AtomicWeight)/e2_AtomicWeight,0.0012022969935347213
625,(e2_NdValence-e2_NdUnfilled)/e2_NdValence,0.0011910693011100554
624,(e2_NdValence-e2_NUnfilled)/e2_NdValence,0.0011895545696545607
623,(e1_Row+e2_Row)/e2_Row,0.0011782847711069417
622,(e2_NdValence-e2_NdUnfilled)/e2_NdUnfilled,0.0011712207349132023
621,(e2_NdValence+e2_NdUnfilled)/e2_NdUnfilled,0.0011680448454022708
620,(e1_NsValence+e2_NdValence)/e2_NdValence,0.0011532764558242078
619,(e1_NsValence-e1_NpUnfilled)/e1_NpUnfilled,0.0011516233542548683
618,(e1_NdValence-e2_NValence)/e1_NdValence,0.0011227912231765854
617,(e1_NpValence+e2_NdValence)/e2_NdValence,0.0011168705520803418
616,e2_NValence/e2_NUnfilled,0.0011154963589197094
615,(e1_NdValence+e2_NUnfilled)/e2_NUnfilled,0.0011024536812666607
614,e2_NdValence/e2_NfUnfilled,0.0010928066291741266
613,(e1_NsUnfilled+e2_NdUnfilled)/e2_NdUnfilled,0.0010838571491372923
612,e1_AtomicWeight/e2_AtomicWeight,0.0010826353590239484
611,e1_NsValence/e1_NpValence,0.001076276880562175
610,e1_NsValence/e2_NdValence,0.0010684681534899765
609,(e1_AtomicWeight+e2_AtomicWeight)/e1_AtomicWeight,0.001062687166238719
608,(e2_NdValence-e2_NfUnfilled)/e2_NfUnfilled,0.0010577082451565744
607,(e1_NpValence+e2_NUnfilled)/e2_NUnfilled,0.0010570500958439122
606,(e1_NpUnfilled-e2_NdValence)/e2_NdValence,0.0010465324906111632
605,(e1_Row-e2_Row)/e2_Row,0.001029842887290588
604,(e2_NdValence+e2_NUnfilled)/e2_NUnfilled,0.0010284469577462314
603,e2_NsValence/e2_NdUnfilled,0.0010070280717413443
602,(e2_NpUnfilled+e2_NUnfilled)/e2_NpUnfilled,0.0010039075317589633
601,(e2_NdValence+e2_NfUnfilled)/e2_NfUnfilled,0.0010018324262036186
600,(e2_NsValence-e2_NdUnfilled)/e2_NdUnfilled,0.0009879677922952962
599,(e1_NsUnfilled+e2_NdUnfilled)/e1_NsUnfilled,0.0009868693675890896
598,(e1_NdValence-e2_NValence)/e2_NValence,0.0009830988531220471
597,e2_NdUnfilled/e2_NfUnfilled,0.0009749018472201207
596,(e2_NsValence+e2_NValence)/e2_NValence,0.0009709349561756789
595,(e2_NdUnfilled+e2_NfUnfilled)/e2_NdUnfilled,0.0009670524274682324
594,(e1_NUnfilled-e2_NUnfilled)/e2_NUnfilled,0.0009668366310231658
593,(e2_NValence+e2_NUnfilled)/e2_NUnfilled,0.0009666393620897537
592,e2_NdValence/e2_NUnfilled,0.0009601432846390728
591,(e2_NfValence+e2_NValence)/e2_NValence,0.0009599779188662302
590,e2_NpUnfilled/e2_NdUnfilled,0.0009591779168118854
589,(e1_Row+e2_Row)/e1_Row,0.0009564718092394429
588,e2_NfValence/e2_NValence,0.0009532127609467898
587,(e1_NUnfilled+e2_NUnfilled)/e1_NUnfilled,0.0009461088940670893
586,(e2_NdValence+e2_NfValence)/e2_NfValence,0.0009425975176086074
585,(e1_NUnfilled-e2_NUnfilled)/e1_NUnfilled,0.000935791311759329
584,(e2_NdUnfilled-e2_NfUnfilled)/e2_NfUnfilled,0.0009320997974489476
583,(e1_NpValence+e2_NpValence)/e1_NpValence,0.0009301549364347118
582,(e2_NValence+e2_NpUnfilled)/e2_NpUnfilled,0.0009278543280368419
581,(e2_NValence-e2_NpUnfilled)/e2_NValence,0.0009263199482159326
580,(e1_NsValence-e2_NdValence)/e2_NdValence,0.0009255102532832466
579,(e2_NpUnfilled-e2_NUnfilled)/e2_NUnfilled,0.0009177741587710691
578,(e1_NpUnfilled-e2_NdValence)/e1_NpUnfilled,0.0009160613483266079
577,(e1_NfUnfilled+e2_NpValence)/e2_NpValence,0.0009145466972237516
576,(e2_NValence-e2_NsUnfilled)/e2_NValence,0.0009130272889219686
575,(e2_NdValence-e2_NpUnfilled)/e2_NdValence,0.0009106625137843171
574,(e1_NsUnfilled-e2_NValence)/e2_NValence,0.0009095791079824795
573,e1_NdValence/e2_NdValence,0.0009068387782825043
572,e1_NdValence/e2_NUnfilled,0.000906641675961513
571,e1_Row/e2_Row,0.0009011021713681759
570,(e1_NValence+e2_NdValence)/e2_NdValence,0.0008890767106633736
569,(e2_NdValence+e2_NdUnfilled)/e2_NdValence,0.0008888411036236238
568,e2_NpUnfilled/e2_NUnfilled,0.0008823723265222723
567,(e1_NpUnfilled-e2_NUnfilled)/e1_NpUnfilled,0.0008816163126734234
566,(e1_Row-e2_Row)/e1_Row,0.000878371978786191
565,(e2_NpUnfilled+e2_NdUnfilled)/e2_NdUnfilled,0.0008769464114125111
564,(e1_NsUnfilled-e2_NUnfilled)/e1_NsUnfilled,0.0008742770695219917
563,(e1_NValence+e2_NValence)/e2_NValence,0.0008665446108608206
562,(e1_NdValence-e2_NsUnfilled)/e2_NsUnfilled,0.0008622735202105311
561,e2_NdValence/e2_NdUnfilled,0.0008609958099982284
560,(e1_NUnfilled-e2_NpValence)/e1_NUnfilled,0.0008511161961061201
559,e1_NValence/e2_NdValence,0.000845964625180617
558,(e1_NsValence+e2_NdUnfilled)/e1_NsValence,0.0008451639579092294
557,(e1_NUnfilled+e2_NpValence)/e2_NpValence,0.0008410346866361875
556,(e1_NsValence-e2_NdValence)/e1_NsValence,0.0008382884644275191
555,(e1_NValence-e2_NdValence)/e2_NdValence,0.0008380272082439573
554,e1_NdUnfilled/e2_NUnfilled,0.0008372510255989476
553,(e1_NsValence-e2_NdUnfilled)/e2_NdUnfilled,0.0008329070515593194
552,(e1_NpUnfilled-e2_NpValence)/e1_NpUnfilled,0.0008083876705667004
551,(e1_NsValence-e2_NValence)/e1_NsValence,0.0008045475844708265
550,(e2_NdValence+e2_NpUnfilled)/e2_NpUnfilled,0.0008010821317253287
549,(e1_NfUnfilled-e2_NpUnfilled)/e2_NpUnfilled,0.0007893246789133921
548,(e2_NsUnfilled+e2_NdUnfilled)/e2_NdUnfilled,0.0007875057804252947
547,e1_NUnfilled/e2_NpValence,0.0007867260270430852
546,(e1_NdValence+e2_NValence)/e2_NValence,0.0007855894088566629
545,(e1_NdUnfilled-e2_NValence)/e2_NValence,0.0007846431943468043
544,e1_NpValence/e2_NpValence,0.0007814110608937201
543,(e1_NsValence+e2_NdValence)/e1_NsValence,0.0007770361797819972
542,(e1_NValence-e2_NValence)/e1_NValence,0.0007759976133087478
541,(e1_NsValence+e1_NpUnfilled)/e1_NpUnfilled,0.0007749918698983856
540,(e2_NValence-e2_NUnfilled)/e2_NUnfilled,0.000773783121447869
539,(e1_NValence+e2_NValence)/e1_NValence,0.0007691517603415599
538,e2_NValence/e2_NpUnfilled,0.0007677460447222859
537,(e1_NpUnfilled+e2_NdValence)/e2_NdValence,0.0007631378515806133
536,(e1_NdValence-e2_NUnfilled)/e1_NdValence,0.0007605031654858468
535,(e1_NpUnfilled+e2_NpValence)/e1_NpUnfilled,0.000757669113547425
534,(e1_NsValence-e1_NpValence)/e1_NsValence,0.0007424714612198918
533,(e2_NpValence+e2_NdValence)/e2_NdValence,0.0007377987226594862
532,(e1_NsUnfilled+e2_NpUnfilled)/e1_NsUnfilled,0.0007376925502362918
531,(e1_NdValence+e2_NsUnfilled)/e2_NsUnfilled,0.0007345472340766473
530,(e1_NValence+e2_NUnfilled)/e1_NValence,0.0007335193350698342
529,(e1_NpValence+e1_NdUnfilled)/e1_NpValence,0.0007328611301428993
528,(e1_NsValence-e1_NpValence)/e1_NpValence,0.0007247473015296546
527,(e1_NValence+e2_NUnfilled)/e2_NUnfilled,0.0007228553670412494
526,(e2_NdValence-e2_NsUnfilled)/e2_NdValence,0.0007226342767102933
525,(e2_NdValence-e2_NfValence)/e2_NdValence,0.0007222896767814461
524,(e2_NValence-e2_NpUnfilled)/e2_NpUnfilled,0.0007214114053286333
523,(e1_NdValence+e2_NdValence)/e2_NdValence,0.0007209696187530898
522,(e1_NdUnfilled-e2_NUnfilled)/e2_NUnfilled,0.0007074866405801869
521,(e1_NValence-e2_NsUnfilled)/e1_NValence,0.0007059945497817276
520,(e1_NdValence+e2_NdValence)/e1_NdValence,0.0007055701964202391
519,(e1_NdUnfilled+e2_NUnfilled)/e2_NUnfilled,0.0007051409924739933
518,(e1_NdUnfilled-e2_NUnfilled)/e1_NdUnfilled,0.0006901336615796092
517,(e1_NValence+e2_NdValence)/e1_NValence,0.0006899937558150039
516,e1_NdUnfilled/e2_NValence,0.0006862047860227388
515,(e1_NdValence-e2_NdValence)/e1_NdValence,0.0006850628738110608
514,(e2_NdValence+e2_NValence)/e2_NdValence,0.0006839625881723658
513,(e1_NValence-e2_NdValence)/e1_NValence,0.0006839242992007687
512,(e1_NsValence+e2_NdUnfilled)/e2_NdUnfilled,0.0006833025198937056
511,(e1_NUnfilled+e2_NpValence)/e1_NUnfilled,0.0006809106802932748
510,(e1_NdValence+e2_NsUnfilled)/e1_NdValence,0.000677430257212881
509,(e1_NValence-e2_NValence)/e2_NValence,0.0006759102476316004
508,e1_NValence/e2_NValence,0.0006728330475858221
507,(e1_NsValence+e1_NpValence)/e1_NsValence,0.0006642135036060216
506,(e1_NpUnfilled+e2_NValence)/e1_NpUnfilled,0.000662967009316082
505,(e1_NpUnfilled-e2_NValence)/e2_NValence,0.000660688141239411
504,(e1_NpValence+e2_NUnfilled)/e1_NpValence,0.0006509688225494554
503,(e1_NdUnfilled-e2_NValence)/e1_NdUnfilled,0.0006465551926160924
502,(e2_NdValence-e2_NValence)/e2_NdValence,0.0006432463395901055
501,e1_NValence/e2_NsUnfilled,0.0006383263109287377
500,e1_NValence/e2_NUnfilled,0.0006330118762794374
499,(e2_NdValence-e2_NUnfilled)/e2_NUnfilled,0.0006233849286988855
498,e2_NfValence/e2_NUnfilled,0.0006231673048018257
497,(e2_NValence+e2_NUnfilled)/e2_NValence,0.0006168190764963856
496,(e1_NValence-e2_NUnfilled)/e2_NUnfilled,0.0006128029870431619
495,(e2_NpValence-e2_NdValence)/e2_NdValence,0.00060758332841515
494,(e1_NsValence-e2_NValence)/e2_NValence,0.0005969132259816941
493,(e2_NfValence-e2_NUnfilled)/e2_NUnfilled,0.0005962313657997897
492,(e1_NValence+e2_NsUnfilled)/e1_NValence,0.0005943670665521289
491,(e1_NsUnfilled+e2_NUnfilled)/e2_NUnfilled,0.0005926994703397762
490,(e1_NpUnfilled-e2_NValence)/e1_NpUnfilled,0.000590884513344054
489,e1_NpUnfilled/e2_NpUnfilled,0.0005896315859104572
488,(e1_NdValence-e1_NfUnfilled)/e1_NfUnfilled,0.0005877526480603061
487,(e1_NUnfilled-e2_NValence)/e1_NUnfilled,0.0005874232556134262
486,e2_NpValence/e2_NValence,0.0005850136191100217
485,e2_NValence/e2_NsUnfilled,0.0005834995623867275
484,(e2_NdValence-e2_NfValence)/e2_NfValence,0.0005834275087037602
483,(e1_NpValence+e2_NValence)/e2_NValence,0.0005824206058376839
482,(e1_NdValence-e2_NdValence)/e2_NdValence,0.0005791905910614554
481,e1_NsValence/e1_NpUnfilled,0.0005784105216142978
480,e1_NsValence/e2_NdUnfilled,0.0005780239669348322
479,e1_NsValence/e2_NUnfilled,0.0005732366373956031
478,(e1_NsValence-e2_NdUnfilled)/e1_NsValence,0.0005674778642623936
477,(e1_NdUnfilled+e2_NUnfilled)/e1_NdUnfilled,0.0005634309876047715
476,(e1_NsValence+e2_NValence)/e2_NValence,0.0005630963853638958
475,(e2_NpUnfilled-e2_NUnfilled)/e2_NpUnfilled,0.0005571629607789409
474,(e2_NdValence+e2_NsUnfilled)/e2_NsUnfilled,0.0005554471750598976
473,(e2_NfValence+e2_NUnfilled)/e2_NUnfilled,0.0005526732411359249
472,(e2_NpUnfilled-e2_NdUnfilled)/e2_NdUnfilled,0.0005501711602916786
471,(e1_NValence-e2_NsUnfilled)/e2_NsUnfilled,0.0005499894310123795
470,(e1_NfValence+e2_NUnfilled)/e2_NUnfilled,0.000549897670293492
469,(e1_NdUnfilled+e2_NValence)/e1_NdUnfilled,0.0005482001577121012
468,(e2_NfUnfilled-e2_NUnfilled)/e2_NfUnfilled,0.0005471536657965739
467,(e2_NdUnfilled+e2_NUnfilled)/e2_NUnfilled,0.000545504070073591
466,e1_NUnfilled/e2_NValence,0.0005441749597931854
465,(e1_NfValence+e2_NUnfilled)/e1_NfValence,0.0005417309138842814
464,(e2_avg_oxi_pos-e2_avg_oxi_neg)/e2_avg_oxi_neg,0.0005412383796570759
463,(e2_NdValence+e2_NfUnfilled)/e2_NdValence,0.0005387269195567009
462,(e1_NUnfilled-e2_NpValence)/e2_NpValence,0.0005380689930913108
461,e2_NsValence/e2_NValence,0.0005340087655793539
460,e2_NdValence/e2_NfValence,0.0005273604359168364
459,(e2_NValence+e2_NsUnfilled)/e2_NValence,0.0005261411835039144
458,(e1_NsUnfilled-e2_NdUnfilled)/e1_NsUnfilled,0.0005241992488128767
457,(e1_NUnfilled-e2_NValence)/e2_NValence,0.0005223333340352964
456,e1_NpValence/e2_NpUnfilled,0.0005214319521361984
455,(e1_NUnfilled+e2_NValence)/e1_NUnfilled,0.0005200212191564804
454,(e2_NdValence+e2_NValence)/e2_NValence,0.0005170010065776471
453,(e2_NdValence-e2_NValence)/e2_NValence,0.0005168982938248177
452,(e1_NsValence+e2_NUnfilled)/e1_NsValence,0.0005154125685448888
451,(e1_NpValence+e1_NfUnfilled)/e1_NfUnfilled,0.0005132553389725156
450,e2_NdValence/e2_NValence,0.0005120845397544179
449,(e2_NdUnfilled+e2_NfUnfilled)/e2_NfUnfilled,0.0005088544539982946
448,(e1_NsUnfilled-e2_NUnfilled)/e2_NUnfilled,0.0005051312023178015
447,e1_NValence/e2_NfValence,0.0004969344584253262
446,(e1_NdValence+e1_NfUnfilled)/e1_NfUnfilled,0.000496906943122892
445,(e2_NdValence+e2_NfValence)/e2_NdValence,0.0004963959090625731
444,e1_NdValence/e2_NsUnfilled,0.0004912161867667343
443,(e2_NfValence-e2_NUnfilled)/e2_NfValence,0.0004897459102871127
442,e1_NpUnfilled/e2_NValence,0.00048779240765712206
441,(e2_NsValence+e2_NValence)/e2_NsValence,0.00048711911599365896
440,(e1_NpUnfilled+e2_NpValence)/e2_NpValence,0.000485523900590265
439,(e1_NValence-e2_NUnfilled)/e1_NValence,0.00048076891279492777
438,(e1_NValence+e2_NfValence)/e2_NfValence,0.0004792279819145338
437,(e1_NpUnfilled+e1_NfUnfilled)/e1_NfUnfilled,0.000476628511911614
436,(e1_NUnfilled+e2_NsUnfilled)/e2_NsUnfilled,0.0004747924663877481
435,(e1_NUnfilled+e2_NValence)/e2_NValence,0.00047395587450864575
434,(e1_NUnfilled-e2_NsUnfilled)/e2_NsUnfilled,0.00047320119958102534
433,(e1_NsValence+e2_NUnfilled)/e2_NUnfilled,0.000472641049281508
432,(e1_NdValence+e2_NfUnfilled)/e2_NfUnfilled,0.0004687072698885483
431,(e2_NsValence-e2_NValence)/e2_NValence,0.00046601913557897006
430,(e1_NfUnfilled-e2_NpValence)/e2_NpValence,0.00046441713726932704
429,e1_avg_oxi_pos/e1_avg_oxi_neg,0.00046272280529632197
428,(e2_NValence-e2_NsUnfilled)/e2_NsUnfilled,0.00045787034347578946
427,(e1_NfUnfilled-e2_NpValence)/e1_NfUnfilled,0.00045770477470076173
426,(e1_NsUnfilled-e2_NValence)/e1_NsUnfilled,0.000457166332300164
425,(e1_NfUnfilled-e2_NUnfilled)/e1_NfUnfilled,0.00045600794247617363
424,e1_NfValence/e2_NUnfilled,0.0004558199216876225
423,(e1_NfValence-e2_NUnfilled)/e2_NUnfilled,0.00045457706246543745
422,(e2_NdValence-e2_NsUnfilled)/e2_NsUnfilled,0.0004473031886553222
421,(e2_NsUnfilled+e2_NdUnfilled)/e2_NsUnfilled,0.0004458734838482359
420,(e1_NdValence-e2_NfValence)/e1_NdValence,0.00044550204078882074
419,(e1_NValence-e2_NfValence)/e2_NfValence,0.00044534660102890904
418,(e1_NfValence-e1_NValence)/e1_NValence,0.00044391819073319515
417,(e1_NdUnfilled+e2_NValence)/e2_NValence,0.00044306535805226533
416,e1_NUnfilled/e2_NsUnfilled,0.00044257867269369155
415,(e1_NValence+e2_NsUnfilled)/e2_NsUnfilled,0.0004397222241680837
414,e2_NsValence/e2_NdValence,0.00043647726863220063
413,(e1_NValence+e2_NpUnfilled)/e1_NValence,0.0004282738720585651
412,(e1_NdValence-e2_NsUnfilled)/e1_NdValence,0.0004275036469613422
411,(e1_NsUnfilled+e2_NValence)/e2_NValence,0.0004226721428263677
410,e2_NValence/e2_NfUnfilled,0.0004205194538332878
409,(e1_NsUnfilled+e2_NpUnfilled)/e2_NpUnfilled,0.00042006495267083094
408,(e1_NfUnfilled-e2_NUnfilled)/e2_NUnfilled,0.000419161978212575
407,(e1_NValence+e2_NsValence)/e1_NValence,0.0004177996766753237
406,(e2_NfValence-e2_NpUnfilled)/e2_NfValence,0.00041758177522929215
405,e2_NfUnfilled/e2_NUnfilled,0.00041578877809770383
404,(e1_NUnfilled-e2_NsValence)/e1_NUnfilled,0.00041529275048389665
403,(e1_NpUnfilled-e1_NUnfilled)/e1_NUnfilled,0.00041374310924012
402,(e2_NfUnfilled+e2_NUnfilled)/e2_NUnfilled,0.0004133859608451804
401,(e1_NValence+e2_NfValence)/e1_NValence,0.0004127967249719404
400,(e1_NValence-e1_NsUnfilled)/e1_NsUnfilled,0.00041245162942467816
399,(e1_NsValence-e2_NUnfilled)/e1_NsValence,0.0004119270406509729
398,e1_NpUnfilled/e2_NsValence,0.0004096111712522492
397,(e1_NpUnfilled-e1_NdUnfilled)/e1_NpUnfilled,0.00040854748143518554
396,(e1_NUnfilled-e2_NdValence)/e1_NUnfilled,0.00040844100730659196
395,(e1_NUnfilled-e2_NpUnfilled)/e1_NUnfilled,0.00040818485429952405
394,e1_NdValence/e2_NpUnfilled,0.00040329172133805674
393,(e1_NpUnfilled-e1_NfUnfilled)/e1_NfUnfilled,0.0004032784137952311
392,(e1_NdValence+e1_NfUnfilled)/e1_NdValence,0.0004032448609199166
391,(e2_NfUnfilled-e2_NUnfilled)/e2_NUnfilled,0.00040147687766972694
390,(e1_NValence-e2_NsValence)/e1_NValence,0.0004013493006121861
389,(e2_NsValence-e2_NValence)/e2_NsValence,0.0004011815465752029
388,(e1_NsValence-e1_NdValence)/e1_NdValence,0.0003996926539276826
387,(e1_NpValence-e2_NValence)/e2_NValence,0.0003994339933716881
386,(e1_NfUnfilled-e2_NValence)/e2_NValence,0.00039897396367296516
385,(e1_NfValence+e2_NpValence)/e1_NfValence,0.0003978251298602957
384,(e2_NsValence-e2_NpUnfilled)/e2_NsValence,0.00039757589673713214
383,(e1_NdValence+e1_NsUnfilled)/e1_NdValence,0.00039685299988965794
382,(e1_NpUnfilled+e2_NpUnfilled)/e2_NpUnfilled,0.0003943343964005749
381,(e1_NdValence-e1_NpUnfilled)/e1_NdValence,0.0003937229617118801
380,e1_NfValence/e2_NValence,0.000392368820490898
379,(e1_NfValence-e2_NUnfilled)/e1_NfValence,0.0003921460312602483
378,(e2_NsUnfilled-e2_NdUnfilled)/e2_NsUnfilled,0.0003913500273068137
377,e1_NsUnfilled/e2_NpUnfilled,0.0003912995742486822
376,(e1_NfValence-e2_NValence)/e1_NfValence,0.00039041319857857225
375,e1_NdValence/e1_NfUnfilled,0.0003894355583397739
374,(e1_NsUnfilled+e2_NUnfilled)/e1_NsUnfilled,0.00038722813540642277
373,e1_NValence/e2_NsValence,0.00038588301911529746
372,(e2_NsValence+e2_NdUnfilled)/e2_NsValence,0.00038537135120803625
371,(e1_NfUnfilled+e2_NValence)/e2_NValence,0.0003805994234017726
370,(e1_NfUnfilled+e2_NValence)/e1_NfUnfilled,0.0003789579436645612
369,(e1_NValence-e2_NpUnfilled)/e2_NpUnfilled,0.000377603469663582
368,e1_NUnfilled/e2_NdValence,0.0003772426272029477
367,(e2_NdValence+e2_NsUnfilled)/e2_NdValence,0.00037653325732496545
366,e1_NpValence/e2_NValence,0.0003756298510412931
365,e1_NsUnfilled/e2_NUnfilled,0.00037547528465273433
364,(e1_NdValence-e1_NUnfilled)/e1_NUnfilled,0.0003739560123516294
363,(e1_NfUnfilled+e2_NUnfilled)/e2_NUnfilled,0.0003737663461081431
362,(e1_NfValence-e2_NValence)/e2_NValence,0.0003722213529069588
361,e1_NValence/e2_NdUnfilled,0.0003722133669842607
360,e1_NfValence/e1_NValence,0.0003709065556347178
359,e1_NValence/e1_NsUnfilled,0.00037058036537315585
358,(e1_NfValence+e2_NValence)/e1_NfValence,0.00036983166582952936
357,(e1_NsValence-e2_NUnfilled)/e2_NUnfilled,0.00036864926312023396
356,(e1_NUnfilled+e2_NpUnfilled)/e1_NUnfilled,0.0003683042215954181
355,(e1_NUnfilled+e2_NdUnfilled)/e1_NUnfilled,0.0003664451682828973
354,(e1_NfValence+e2_NValence)/e2_NValence,0.00036455909156221254
353,(e1_NpValence+e2_NpValence)/e2_NpValence,0.00036303340548678534
352,(e2_NValence-e2_NfUnfilled)/e2_NfUnfilled,0.0003626092309501248
351,(e2_NpUnfilled+e2_NUnfilled)/e2_NUnfilled,0.00036249814160749726
350,(e1_NValence-e2_NsValence)/e2_NsValence,0.00036100069321262564
349,(e1_NUnfilled-e2_NdUnfilled)/e2_NdUnfilled,0.0003608791724334152
348,(e1_NUnfilled-e2_NdValence)/e2_NdValence,0.00036087116790707065
347,(e1_NUnfilled+e2_NdValence)/e1_NUnfilled,0.0003584125286490441
346,(e1_NUnfilled-e2_NsUnfilled)/e1_NUnfilled,0.00035639939314023025
345,(e2_NsUnfilled+e2_NUnfilled)/e2_NUnfilled,0.0003558631920216691
344,e1_NfUnfilled/e2_NUnfilled,0.00035555650286137844
343,(e1_NUnfilled-e2_NpUnfilled)/e2_NpUnfilled,0.0003537754922561938
342,e1_NUnfilled/e2_NpUnfilled,0.00035359193362653486
341,(e1_NdUnfilled+e2_NpUnfilled)/e1_NdUnfilled,0.00035204432508869466
340,(e1_NdValence-e1_NfUnfilled)/e1_NdValence,0.00034823758944342603
339,e1_NfUnfilled/e2_NValence,0.000348214855987587
338,(e1_NpValence-e2_NpValence)/e1_NpValence,0.0003481374157697621
337,(e1_NpUnfilled-e1_NdUnfilled)/e1_NdUnfilled,0.0003452427877650743
336,(e1_NUnfilled+e2_NpUnfilled)/e2_NpUnfilled,0.0003449713005760596
335,(e1_NdValence-e2_NpUnfilled)/e2_NpUnfilled,0.00034349483667696167
334,(e1_NValence-e2_NpUnfilled)/e1_NValence,0.0003432002929147903
333,(e1_NUnfilled+e2_NfValence)/e2_NfValence,0.00034278114060946077
332,(e2_NsValence-e2_NdValence)/e2_NdValence,0.00034271721552438526
331,(e1_NUnfilled+e2_NsUnfilled)/e1_NUnfilled,0.00034165914878162864
330,(e1_NfValence+e1_NValence)/e1_NValence,0.0003404543955565941
329,(e1_NfUnfilled+e2_NUnfilled)/e1_NfUnfilled,0.0003403501977353773
328,(e1_NfValence+e2_NdValence)/e2_NdValence,0.00033753116342974523
327,e2_NsUnfilled/e2_NdUnfilled,0.0003373623375498162
326,(e1_NdValence+e2_NfValence)/e1_NdValence,0.00033666186982576077
325,(e1_NValence-e2_NdUnfilled)/e1_NValence,0.0003342920760138445
324,(e1_NfUnfilled-e2_NdValence)/e2_NdValence,0.00033046450188790714
323,(e1_NUnfilled-e2_NfValence)/e2_NfValence,0.0003296337935656909
322,(e1_NsValence+e2_NValence)/e1_NsValence,0.00032848470355557093
321,e1_NdValence/e2_NfValence,0.00032829088483554236
320,(e1_NUnfilled+e2_NdValence)/e2_NdValence,0.00032827980771591114
319,(e1_NValence+e2_NdUnfilled)/e1_NValence,0.00032764475560735504
318,(e1_NdValence+e2_NpUnfilled)/e2_NpUnfilled,0.0003272169544633058
317,(e2_NValence-e2_NfUnfilled)/e2_NValence,0.0003269253388872908
316,e1_NsUnfilled/e2_NValence,0.00032550635827832263
315,e1_NdValence/e2_NpValence,0.00032495315415412594
314,(e1_NfValence-e1_NValence)/e1_NfValence,0.00032435006950386956
313,(e1_NpUnfilled+e2_NValence)/e2_NValence,0.0003240459589678741
312,(e1_NfUnfilled+e2_NdValence)/e2_NdValence,0.00032337585824037285
311,(e2_NsUnfilled-e2_NdUnfilled)/e2_NdUnfilled,0.0003230138068946247
310,(e1_NpUnfilled-e1_NfUnfilled)/e1_NpUnfilled,0.00032249804037982833
309,(e1_NValence+e2_NpValence)/e2_NpValence,0.0003221528376183325
308,(e1_NpValence-e2_NsValence)/e2_NsValence,0.00032106282472903387
307,(e1_NfValence+e2_NdValence)/e1_NfValence,0.000317203889762347
306,(e2_NsValence+e2_NdValence)/e2_NsValence,0.0003168619046510822
305,(e1_NValence+e2_NpUnfilled)/e2_NpUnfilled,0.00031665953018296963
304,(e1_NValence+e2_NsValence)/e2_NsValence,0.0003160907404695615
303,(e2_NsUnfilled-e2_NUnfilled)/e2_NsUnfilled,0.000315795378736527
302,(e1_NpUnfilled+e1_NUnfilled)/e1_NpUnfilled,0.000315674594515489
301,(e1_NValence+e2_NdUnfilled)/e2_NdUnfilled,0.00031439803033147715
300,(e2_NpValence+e2_NValence)/e2_NpValence,0.0003141586541268844
299,(e1_NpValence+e2_NpUnfilled)/e1_NpValence,0.000313909306916078
298,(e1_NfUnfilled-e2_NValence)/e1_NfUnfilled,0.00031340220229812775
297,(e1_NValence-e1_NfUnfilled)/e1_NfUnfilled,0.00031323569135679986
296,(e1_NdValence-e2_NpValence)/e1_NdValence,0.0003118769846074599
295,e1_NValence/e2_NpValence,0.00031130386425675473
294,(e1_NsUnfilled-e1_NpUnfilled)/e1_NsUnfilled,0.0003097180811645523
293,(e1_NdUnfilled+e2_NsUnfilled)/e2_NsUnfilled,0.00030862051636780036
292,(e2_NpValence-e2_NValence)/e2_NValence,0.0003084333602972352
291,(e2_NValence+e2_NfUnfilled)/e2_NValence,0.0003083381598979028
290,(e2_NfUnfilled+e2_NUnfilled)/e2_NfUnfilled,0.00030737999344215096
289,e2_NdValence/e2_NsUnfilled,0.00030697857514516897
288,e1_NpUnfilled/e1_NfUnfilled,0.0003062634313157069
287,(e2_NsValence+e2_NdValence)/e2_NdValence,0.0003059985655008801
286,e1_NpValence/e1_NdValence,0.00030539180303611885
285,(e1_NdValence-e1_NpUnfilled)/e1_NpUnfilled,0.00030438357715895087
284,(e1_NdUnfilled-e2_NdUnfilled)/e1_NdUnfilled,0.0003037783954037673
283,(e2_NsValence+e2_NUnfilled)/e2_NUnfilled,0.0003022702429600949
282,(e1_NpUnfilled+e2_NsUnfilled)/e1_NpUnfilled,0.00030193736244099535
281,e1_NUnfilled/e2_NsValence,0.00030161716274493624
280,(e1_NUnfilled-e2_NsValence)/e2_NsValence,0.00030114125988085945
279,(e1_NdValence-e2_NpUnfilled)/e1_NdValence,0.00030107168639418897
278,(e1_NpValence+e2_NsValence)/e2_NsValence,0.0002993750456828962
277,(e1_NUnfilled+e2_NdUnfilled)/e2_NdUnfilled,0.0002972851125589371
276,e1_NdValence/e1_NUnfilled,0.00029515418810243147
275,e1_NUnfilled/e2_NdUnfilled,0.0002949834284124724
274,(e2_NsValence-e2_NUnfilled)/e2_NUnfilled,0.0002929870065127665
273,(e2_NsUnfilled+e2_NUnfilled)/e2_NsUnfilled,0.00029240034398676594
272,(e2_NValence+e2_NfUnfilled)/e2_NfUnfilled,0.00029129212030317065
271,e1_NpUnfilled/e2_NpValence,0.000288682874309746
270,(e2_NpValence-e2_NValence)/e2_NpValence,0.00028846649515973036
269,(e2_NpValence+e2_NValence)/e2_NValence,0.00028441534711297236
268,(e1_NsValence+e1_NdValence)/e1_NdValence,0.0002796661087365966
267,e1_NdValence/e1_NpUnfilled,0.0002794959746437318
266,(e1_NValence+e1_NsUnfilled)/e1_NValence,0.00027925839050223537
265,(e1_NpValence+e1_NdValence)/e1_NdValence,0.00027771022929479596
264,(e1_NdUnfilled-e2_NpValence)/e1_NdUnfilled,0.0002775748668712023
263,e2_NpValence/e2_NdValence,0.0002774291917052675
262,e1_NpUnfilled/e2_NsUnfilled,0.00027732601915295585
261,(e2_NpValence+e2_NdValence)/e2_NpValence,0.0002773155455813242
260,(e1_NsUnfilled+e2_NValence)/e1_NsUnfilled,0.0002753264844553902
259,(e1_NdValence-e2_NsValence)/e1_NdValence,0.0002748986035201489
258,(e1_NUnfilled+e2_NsValence)/e1_NUnfilled,0.0002745259277378056
257,(e1_NdValence+e1_NUnfilled)/e1_NdValence,0.0002741351297099809
256,(e1_NdUnfilled+e1_NfUnfilled)/e1_NfUnfilled,0.00027391881557257947
255,e1_NdUnfilled/e2_NpValence,0.0002731861304879149
254,(e1_NdValence+e1_NpUnfilled)/e1_NdValence,0.0002731567623033533
253,(e1_NpUnfilled-e2_NpUnfilled)/e1_NpUnfilled,0.0002728004319772409
252,(e1_NfUnfilled+e2_NdValence)/e1_NfUnfilled,0.00027214723001059475
251,(e1_NUnfilled+e2_NfValence)/e1_NUnfilled,0.00027213366690981544
250,e2_NsValence/e2_NUnfilled,0.0002720601292146983
249,(e1_NpValence-e1_NdValence)/e1_NpValence,0.0002720597690684984
248,(e1_NValence-e2_NdUnfilled)/e2_NdUnfilled,0.0002719998089888135
247,(e1_NValence-e2_NpValence)/e2_NpValence,0.0002714528211600122
246,(e1_NpValence+e2_NpUnfilled)/e2_NpUnfilled,0.0002708105644715992
245,(e2_NValence+e2_NsUnfilled)/e2_NsUnfilled,0.00026959411151036985
244,(e1_NfValence-e2_NsValence)/e2_NsValence,0.00026920309881999904
243,(e2_NfValence+e2_NUnfilled)/e2_NfValence,0.0002639057039046179
242,e1_NdValence/e2_NfUnfilled,0.0002635026941488554
241,(e1_NdValence-e2_NsValence)/e2_NsValence,0.00026202828704263817
240,(e1_NUnfilled+e2_NsValence)/e2_NsValence,0.00026184526289521636
239,(e1_NdValence+e2_NpValence)/e2_NpValence,0.00026163582570858503
238,(e1_NValence+e2_NfUnfilled)/e1_NValence,0.0002604802935826247
237,(e1_NUnfilled-e2_NdUnfilled)/e1_NUnfilled,0.0002585963684437572
236,(e2_NsValence+e2_NUnfilled)/e2_NsValence,0.00025833855736895003
235,(e1_NValence-e1_NsUnfilled)/e1_NValence,0.0002575738758704751
234,chg_dispro,0.0002573836554800577
233,(e1_NdUnfilled+e1_NfUnfilled)/e1_NdUnfilled,0.0002570816562337003
232,(e1_NdValence-e1_NsUnfilled)/e1_NdValence,0.0002568968686800661
231,e1_NfValence/e2_NdValence,0.00025590648882826804
230,(e1_NdUnfilled-e2_NdUnfilled)/e2_NdUnfilled,0.00025571006999151695
229,e1_NsValence/e1_NValence,0.00025475033877313854
228,(e1_NValence-e2_NfValence)/e1_NValence,0.000253313669440793
227,(e1_NdValence+e1_NUnfilled)/e1_NUnfilled,0.00025226313907639604
226,(e1_NsValence+e1_NdValence)/e1_NsValence,0.00025022393556529493
225,(e2_NsValence-e2_NUnfilled)/e2_NsValence,0.00025009226481808385
224,(e1_NpUnfilled-e2_NsValence)/e2_NsValence,0.00024935958621128665
223,(e2_NsValence+e2_NpUnfilled)/e2_NsValence,0.00024859462692737637
222,(e1_NValence-e1_NdUnfilled)/e1_NdUnfilled,0.0002483531161555922
221,e1_NValence/e2_NpUnfilled,0.000247805102863282
220,(e1_NpValence+e2_NValence)/e1_NpValence,0.00024746667258392313
219,(e1_NfUnfilled-e2_NdValence)/e1_NfUnfilled,0.00024731866885989147
218,(e1_NdUnfilled-e1_NfUnfilled)/e1_NfUnfilled,0.0002472179725474089
217,(e1_NValence-e2_NfUnfilled)/e2_NfUnfilled,0.0002457675763440449
216,(e1_NValence+e2_NpValence)/e1_NValence,0.00024480186009857776
215,(e1_NValence-e2_NpValence)/e1_NValence,0.0002444469995046216
214,(e1_NsValence+e1_NpUnfilled)/e1_NsValence,0.00024405027083578283
213,(e1_NsUnfilled+e2_NsValence)/e1_NsUnfilled,0.00024301610572949857
212,e1_NfUnfilled/e2_NdValence,0.00024194411778461202
211,e1_avg_oxi_pos/e2_avg_oxi_pos,0.00024193166064483894
210,e1_NdValence/e1_NValence,0.00024011323416576747
209,(e1_NValence+e1_NsUnfilled)/e1_NsUnfilled,0.00023986493113190357
208,(e1_NdValence-e2_NfValence)/e2_NfValence,0.00023836272902637024
207,(e1_NdValence+e2_NfValence)/e2_NfValence,0.00023401103835941602
206,e1_NUnfilled/e2_NfValence,0.00023351310933644671
205,e2_NsUnfilled/e2_NUnfilled,0.00023325954996832526
204,(e1_NdUnfilled+e2_NdValence)/e2_NdValence,0.00023286629961400502
203,(e1_NdValence-e2_NfUnfilled)/e2_NfUnfilled,0.00023247635668743378
202,(e2_NsValence-e2_NpUnfilled)/e2_NpUnfilled,0.00023189771056227737
201,e1_NdUnfilled/e2_NdUnfilled,0.00023143583221188333
200,e1_NfValence/e1_NpUnfilled,0.000230897059261269
199,(e1_NdUnfilled-e1_NUnfilled)/e1_NUnfilled,0.0002295717094895954
198,(e1_NfValence-e2_NdValence)/e2_NdValence,0.00022889638745786614
197,(e2_NfValence+e2_NpUnfilled)/e2_NpUnfilled,0.00022710938955297562
196,(e1_NdValence+e2_NfUnfilled)/e1_NdValence,0.00022709083575210256
195,(e1_NpValence-e1_NfUnfilled)/e1_NfUnfilled,0.00022660121679348114
194,(e1_NdUnfilled+e2_NpValence)/e2_NpValence,0.00022485438618887466
193,(e1_NfValence+e1_NpUnfilled)/e1_NpUnfilled,0.00022317580196894006
192,e1_NfValence/e2_NsValence,0.000222047119756784
191,e1_NdUnfilled/e2_NfValence,0.00022093267587900664
190,(e1_NsValence+e1_NValence)/e1_NValence,0.00021978972914786778
189,(e1_NsUnfilled-e2_NsValence)/e1_NsUnfilled,0.00021901084618894618
188,e1_NsUnfilled/e2_NsValence,0.00021842904871450806
187,(e1_avg_oxi_pos+e1_avg_oxi_neg)/e1_avg_oxi_pos,0.0002170688662524246
186,(e1_NfValence-e1_NUnfilled)/e1_NfValence,0.00021655103808101436
185,(e1_NValence-e1_NdUnfilled)/e1_NValence,0.00021555364683060788
184,e1_NdUnfilled/e2_NdValence,0.0002148274438480377
183,(e1_NfValence-e2_NsValence)/e1_NfValence,0.00021445404492700866
182,e1_NdValence/e1_NsUnfilled,0.00021364679796506526
181,(e2_NsUnfilled-e2_NUnfilled)/e2_NUnfilled,0.0002131846854314877
180,(e1_NpUnfilled-e2_NpUnfilled)/e2_NpUnfilled,0.00021296889688502573
179,(e1_NsValence-e1_NValence)/e1_NsValence,0.00021260512573614251
178,(e1_NdValence+e2_NpValence)/e1_NdValence,0.0002119783582565892
177,(e1_NfValence+e2_NsValence)/e2_NsValence,0.00021166580739523906
176,(e1_NdValence-e1_NUnfilled)/e1_NdValence,0.00021081701379772116
175,(e2_NsValence-e2_NdValence)/e2_NsValence,0.00021035495601739556
174,(e2_avg_oxi_pos+e2_avg_oxi_neg)/e2_avg_oxi_neg,0.0002102632666399165
173,(e2_NpValence-e2_NdValence)/e2_NpValence,0.00021025218013232994
172,(e1_NValence-e1_NfUnfilled)/e1_NValence,0.00020876652679512257
171,(e1_NsValence+e1_NValence)/e1_NsValence,0.00020868660245394022
170,(e1_NsUnfilled+e1_NUnfilled)/e1_NsUnfilled,0.00020777066335609312
169,(e1_NdUnfilled+e2_NdUnfilled)/e1_NdUnfilled,0.00020768701522821026
168,(e1_NdValence-e1_NfValence)/e1_NdValence,0.00020733535440762063
167,(e1_NfValence-e1_NpUnfilled)/e1_NpUnfilled,0.00020715066432886185
166,(e1_NdValence+e1_NfValence)/e1_NfValence,0.00020682583047342438
165,(e1_avg_oxi_pos-e1_avg_oxi_neg)/e1_avg_oxi_neg,0.00020641581039404738
164,(e1_NpValence-e1_NUnfilled)/e1_NUnfilled,0.00020607541587211705
163,(e1_NdValence-e1_NValence)/e1_NdValence,0.00020555610026799605
162,e1_NdValence/e1_NfValence,0.0002044211864274237
161,(e1_NdValence-e2_NpValence)/e2_NpValence,0.0002041978991297406
160,(e1_NdUnfilled-e1_NfUnfilled)/e1_NdUnfilled,0.000204118915776887
159,(e1_NpValence-e1_NdUnfilled)/e1_NpValence,0.00020399237511456613
158,(e1_NsValence-e1_NdValence)/e1_NsValence,0.00020377090112032488
157,(e1_NfValence+e2_NdUnfilled)/e1_NfValence,0.00020284918534340608
156,(e1_NpUnfilled+e1_NfUnfilled)/e1_NpUnfilled,0.0002024171328147772
155,(e1_NdValence+e1_NValence)/e1_NValence,0.00020226018264313624
154,(e1_NfValence+e2_NsValence)/e1_NfValence,0.00020173486801138512
153,(e1_NdUnfilled+e2_NpValence)/e1_NdUnfilled,0.00020172668420151662
152,e2_NdUnfilled/e2_NUnfilled,0.00020162166305875642
151,(e2_NdUnfilled-e2_NfUnfilled)/e2_NdUnfilled,0.00020084120028884665
150,(e1_NdUnfilled-e2_NsUnfilled)/e2_NsUnfilled,0.0001992731232408851
149,e1_avg_oxi_pos/e2_avg_oxi_neg,0.00019862417207097233
148,(e1_NfValence-e2_NdValence)/e1_NfValence,0.00019800237799259796
147,(e1_NValence+e2_NfUnfilled)/e2_NfUnfilled,0.00019653603567859027
146,e1_NValence/e2_NfUnfilled,0.00019621963224590128
145,e1_NpUnfilled/e1_NUnfilled,0.0001961987430011502
144,(e1_NfUnfilled-e2_NdUnfilled)/e1_NfUnfilled,0.00019443576906907946
143,e1_NdUnfilled/e1_NfUnfilled,0.0001942345202508963
142,(e1_NValence-e2_NfUnfilled)/e1_NValence,0.00019413692129655494
141,e1_NsValence/e1_NUnfilled,0.00019388765270740067
140,(e1_NdUnfilled-e2_NsValence)/e2_NsValence,0.0001931114731004347
139,e1_NValence/e1_NdUnfilled,0.00019165556192812105
138,(e1_NpValence+e1_NdValence)/e1_NpValence,0.0001915893333989109
137,(e1_NdValence+e1_NValence)/e1_NdValence,0.00019128994024398402
136,e1_NdUnfilled/e2_NsValence,0.00018934716841851256
135,(e1_NUnfilled-e2_NfValence)/e1_NUnfilled,0.00018811761298170404
134,(e1_NfValence+e2_NfValence)/e1_NfValence,0.00018800336840476433
133,(e1_NpValence+e1_NsUnfilled)/e1_NsUnfilled,0.00018780576949440053
132,(e1_NdUnfilled-e2_NpUnfilled)/e2_NpUnfilled,0.00018697795237256344
131,(e1_NpValence+e1_NValence)/e1_NpValence,0.00018688136579772006
130,(e1_NdValence-e1_NsUnfilled)/e1_NsUnfilled,0.00018687499744823988
129,(e1_NValence+e1_NfUnfilled)/e1_NfUnfilled,0.0001863799218106622
128,(e1_NdUnfilled-e2_NdValence)/e1_NdUnfilled,0.00018465693588392708
127,(e1_NdValence-e1_NValence)/e1_NValence,0.0001822950660684564
126,(e1_NpValence+e1_NUnfilled)/e1_NUnfilled,0.00018221946719172572
125,e1_NfUnfilled/e2_NdUnfilled,0.0001813744205595448
124,(e2_NpUnfilled-e2_NfUnfilled)/e2_NfUnfilled,0.00018082748037348838
123,e1_NdValence/e2_NsValence,0.0001798924209853395
122,(e1_NsUnfilled+e2_NsValence)/e2_NsValence,0.00017953881348410766
121,(e1_NfValence+e2_NdUnfilled)/e2_NdUnfilled,0.0001780809737504421
120,(e1_NdValence+e2_NsValence)/e2_NsValence,0.00017602054254393912
119,(e1_NdUnfilled+e1_NUnfilled)/e1_NdUnfilled,0.00017549205120166492
118,(e1_NfUnfilled-e2_NsValence)/e1_NfUnfilled,0.00017459262618058503
117,(e1_NpValence-e1_NfUnfilled)/e1_NpValence,0.0001728405796487368
116,(e1_NValence+e1_NpUnfilled)/e1_NpUnfilled,0.00017279726259057405
115,e1_NfValence/e2_NsUnfilled,0.00017197555838518427
114,(e1_NValence+e1_NdUnfilled)/e1_NdUnfilled,0.00017181853426418006
113,(e1_NUnfilled-e2_NfUnfilled)/e1_NUnfilled,0.00016989562597199785
112,e1_NpValence/e1_NUnfilled,0.000169592982822312
111,(e2_NfValence-e2_NpUnfilled)/e2_NpUnfilled,0.00016917547578735494
110,(e1_NsValence+e1_NUnfilled)/e1_NsValence,0.00016855225137016002
109,(e1_NdUnfilled-e1_NUnfilled)/e1_NdUnfilled,0.00016809652410870228
108,(e1_NdUnfilled+e2_NdUnfilled)/e2_NdUnfilled,0.00016713780161275565
107,(e1_NpValence-e1_NUnfilled)/e1_NpValence,0.00016666314306474093
106,(e1_NfUnfilled+e2_NdUnfilled)/e2_NdUnfilled,0.0001663948111446181
105,(e1_NdUnfilled+e2_NsValence)/e1_NdUnfilled,0.00016624844749735268
104,(e1_NpUnfilled+e1_NUnfilled)/e1_NUnfilled,0.0001660927735372156
103,(e1_NdValence-e1_NfValence)/e1_NfValence,0.0001658921616039261
102,(e1_NfValence-e2_NdUnfilled)/e2_NdUnfilled,0.0001653195509280308
101,(e1_NpUnfilled-e1_NUnfilled)/e1_NpUnfilled,0.00016478963014550846
100,e1_NpValence/e1_NValence,0.0001637047313171723
99,(e1_NfValence+e1_NValence)/e1_NfValence,0.00016325817344940238
98,(e1_NValence+e1_NfUnfilled)/e1_NValence,0.00016307065447506767
97,(e1_NValence-e1_NpUnfilled)/e1_NpUnfilled,0.00016262440704235817
96,(e1_avg_oxi_pos+e2_avg_oxi_pos)/e1_avg_oxi_pos,0.00016207445764117033
95,(e2_NfValence+e2_NpUnfilled)/e2_NfValence,0.00016169193736492637
94,e1_NpValence/e1_NsUnfilled,0.00016143840010001293
93,(e1_NdUnfilled+e1_NUnfilled)/e1_NUnfilled,0.00016140566347443613
92,(e1_NsUnfilled-e2_NsValence)/e2_NsValence,0.0001597996302011079
91,(e1_NValence+e1_NdUnfilled)/e1_NValence,0.0001589008771837372
90,(e1_NdValence+e2_NsValence)/e1_NdValence,0.00015847661429293057
89,e1_NsUnfilled/e1_NpUnfilled,0.00015789629015251191
88,e1_NdUnfilled/e1_NUnfilled,0.00015741000493554755
87,(e2_NpUnfilled-e2_NdUnfilled)/e2_NpUnfilled,0.00015706855269444138
86,(e1_NfValence-e1_NdUnfilled)/e1_NfValence,0.00015572377209805826
85,(e1_NfValence+e1_NUnfilled)/e1_NfValence,0.00015531107488421495
84,(e1_NpValence-e2_NValence)/e1_NpValence,0.00015521686511518472
83,(e1_NfValence-e2_NpUnfilled)/e1_NfValence,0.00015494664381558956
82,(e1_NpValence-e1_NdValence)/e1_NdValence,0.00015451923515620952
81,e1_NfValence/e2_NdUnfilled,0.00015444751975656837
80,(e1_NsUnfilled-e1_NUnfilled)/e1_NsUnfilled,0.00015353483519874633
79,(e1_avg_oxi_pos+e1_avg_oxi_neg)/e1_avg_oxi_neg,0.0001516672480046767
78,(e1_NfUnfilled-e2_NdUnfilled)/e2_NdUnfilled,0.000151297601090031
77,(e1_NsValence-e1_NUnfilled)/e1_NsValence,0.0001509386044412089
76,(e1_NfValence-e1_NUnfilled)/e1_NUnfilled,0.0001497391537029442
75,(e1_NdValence+e1_NfValence)/e1_NdValence,0.0001491775098888533
74,(e1_NdUnfilled+e2_NfValence)/e1_NdUnfilled,0.00014855425545308177
73,(e1_NfValence+e1_NdUnfilled)/e1_NdUnfilled,0.00014760382943995008
72,e1_NValence/e1_NfUnfilled,0.00014746498730351163
71,e1_NfValence/e1_NUnfilled,0.00014723855870186898
70,(e1_NfValence-e2_NdUnfilled)/e1_NfValence,0.0001451563538930583
69,(e1_NfValence+e2_NpValence)/e2_NpValence,0.00014329127997580492
68,(e1_NdUnfilled-e2_NpUnfilled)/e1_NdUnfilled,0.00014305002369337287
67,(e1_NpValence+e1_NUnfilled)/e1_NpValence,0.00014071245113523418
66,(e1_NdUnfilled+e2_NsValence)/e2_NsValence,0.00014068214644136247
65,(e1_NValence-e1_NpUnfilled)/e1_NValence,0.00013958366674012384
64,(e1_NValence+e1_NpUnfilled)/e1_NValence,0.00013782622435854538
63,(e1_NpValence+e2_NsValence)/e1_NpValence,0.00013718790815443448
62,(e1_NdUnfilled+e2_NdValence)/e1_NdUnfilled,0.0001370316886660932
61,(e1_NsValence-e1_NUnfilled)/e1_NUnfilled,0.00013655736563688596
60,(e1_NdUnfilled-e2_NdValence)/e2_NdValence,0.00013532842026622795
59,(e1_NdUnfilled+e2_NpUnfilled)/e2_NpUnfilled,0.00013386821833128422
58,(e1_NdUnfilled-e2_NfValence)/e2_NfValence,0.00013308519422369736
57,e1_NValence/e1_NUnfilled,0.0001308800803175246
56,e1_NsValence/e1_NdValence,0.00012767211246784616
55,(e1_NpValence-e2_NpValence)/e2_NpValence,0.00012661462624217605
54,(e1_NpValence+e1_NsUnfilled)/e1_NpValence,0.0001259411554167074
53,(e1_NfValence+e1_NUnfilled)/e1_NUnfilled,0.00012429910401387466
52,e2_NfValence/e2_NdUnfilled,0.00012407918154025644
51,e1_NsUnfilled/e1_NUnfilled,0.00012324442697863938
50,(e1_NUnfilled+e2_NfUnfilled)/e2_NfUnfilled,0.00012152499694749184
49,(e1_NfValence-e1_NdUnfilled)/e1_NdUnfilled,0.00012074404645450536
48,(e1_NValence-e1_NUnfilled)/e1_NValence,0.00011961108844992552
47,(e1_NpValence-e1_NValence)/e1_NValence,0.00011550283519129806
46,e1_NdValence/e1_NdUnfilled,0.00011448046431984374
45,(e1_NfValence+e1_NdUnfilled)/e1_NfValence,0.00011365535055057915
44,(e1_NdUnfilled-e2_NfValence)/e1_NdUnfilled,0.0001135960158112345
43,(e1_NpValence-e1_NsUnfilled)/e1_NsUnfilled,0.0001134821578543484
42,e1_NfUnfilled/e2_NpValence,0.0001128199037268915
41,(e1_NpUnfilled-e2_NsValence)/e1_NpUnfilled,0.00011267276576946205
40,(e1_NfUnfilled-e2_NpUnfilled)/e1_NfUnfilled,0.00011218871019323283
39,(e1_NpValence+e1_NfValence)/e1_NfValence,0.00011176106470299814
38,e1_NfValence/e1_NdUnfilled,0.0001099521112348037
37,(e1_NsUnfilled-e1_NUnfilled)/e1_NUnfilled,0.00010893061352299006
36,e1_NpValence/e1_NfValence,0.0001081204468129171
35,(e1_NfValence-e2_NfValence)/e2_NfValence,0.00010796167238113481
34,(e1_NdValence+e1_NpUnfilled)/e1_NpUnfilled,0.00010652055176370813
33,(e1_NfUnfilled+e2_NsValence)/e1_NfUnfilled,0.00010462492234054395
32,(e2_NfValence+e2_NdUnfilled)/e2_NfValence,0.00010143264512477241
31,(e1_NdUnfilled+e2_NfValence)/e2_NfValence,0.00010022871585690558
30,(e1_NpValence-e1_NdUnfilled)/e1_NdUnfilled,9.930084807345971e-05
29,(e1_NsValence-e2_NpUnfilled)/e1_NsValence,9.656216377453365e-05
28,(e2_NfValence-e2_NdUnfilled)/e2_NfValence,9.546992101281994e-05
27,(e1_NfValence+e1_NpUnfilled)/e1_NfValence,9.486933095624626e-05
26,(e1_NfValence-e2_NfValence)/e1_NfValence,8.969019533277328e-05
25,e1_NpValence/e2_NsValence,8.656200664366708e-05
24,(e1_NValence+e1_NUnfilled)/e1_NUnfilled,8.603857432420303e-05
23,(e1_NpValence-e1_NfValence)/e1_NfValence,8.579952550786855e-05
22,(e1_NpUnfilled-e2_NsUnfilled)/e1_NpUnfilled,8.491999940771256e-05
21,(e1_NfUnfilled+e2_NpValence)/e1_NfUnfilled,8.444542232647527e-05
20,(e1_NfValence+e2_NfValence)/e2_NfValence,8.343631881648362e-05
19,(e1_NsUnfilled-e2_NdUnfilled)/e2_NdUnfilled,8.297547862340409e-05
18,(e1_NpValence+e1_NfValence)/e1_NpValence,8.214038449236387e-05
17,(e1_NsUnfilled-e2_NpUnfilled)/e1_NsUnfilled,7.898587412621702e-05
16,(e2_NsValence+e2_NfValence)/e2_NfValence,7.485633221679427e-05
15,(e1_NsValence+e1_NpValence)/e1_NpValence,7.455417955957731e-05
14,(e1_NpUnfilled+e2_NsValence)/e2_NsValence,6.864861422778013e-05
13,(e1_NsValence-e2_NfValence)/e1_NsValence,5.976916255380539e-05
12,(e1_NsUnfilled-e2_NpUnfilled)/e2_NpUnfilled,5.72554525912415e-05
11,(e1_NpValence-e2_NsUnfilled)/e2_NsUnfilled,5.5253953455104875e-05
10,e1_NsValence/e2_NfValence,5.3551245414040445e-05
9,(e1_NpUnfilled+e1_NdUnfilled)/e1_NdUnfilled,4.472345228566054e-05
8,(e1_NdValence+e1_NdUnfilled)/e1_NdValence,4.213465325402692e-05
7,(e1_NpValence+e2_NfValence)/e1_NpValence,2.4580033050223703e-05
6,(e1_NpValence-e1_NsUnfilled)/e1_NpValence,2.4490410722909463e-05
5,(e1_NdValence-e2_NfUnfilled)/e1_NdValence,2.0520858802751793e-05
4,(e2_NpUnfilled+e2_NfUnfilled)/e2_NfUnfilled,1.9632033697396376e-05
3,(e1_NsUnfilled-e1_NpUnfilled)/e1_NpUnfilled,1.7751337802145526e-05
2,(e2_NpValence-e2_NpUnfilled)/e2_NpUnfilled,1.4148198156040378e-05
1,e2_NpValence/e2_NpUnfilled,1.3934438044704253e-05
0,(e1_NpValence-e2_NpUnfilled)/e2_NpUnfilled,1.3902263372140582e-05
